title,tradeAmount,averageStar,wishedCount,quantity,AverageDiscountPrice,MinDiscountPrice,MaxDiscountPrice
Winter Padded Cotton Coat Female New Korean Version Loose Long Knee Length Women's Windproof Warm Down Jacket Outerwear,68 sold,0.0,309,17726,18.412,16.31,27.34
2024 Women Parkas Winter Casual Long Coats Jackets Hooded Fur Collar Cotton Zipper Thicken Outwear Parkas Warm Coat Outwear,14 sold,5.0,46,23969,42.54,42.54,42.54
Faux Fur Woman Jacket Hooded Drawstring Parka Coat Zipper Front Pocket Warm Thick Snow Wear Thermal Overcoat Female Outwear,1 sold,0.0,3,599,25.445666666666668,24.28,26.62
2023 New Down Cotton Vest Women Autumn Winter Short Loose Casual Waistcoat Womens Fashion Large Size Sleeveless Jacket Top,800+ sold,4.5,1585,485033,11.98197674418605,2.06,21.36
New Winter Women Parka Hooded Jackets Thicken Warm Cotton-padded Puffer Coats Casual Long Parkas Clothes Loose Outerwear,43 sold,0.0,112,32651,15.25,15.25,15.25
Down Jacket Men White Duck Winter Coat Windproof Warm Parkas Travel Camping Overcoat New in Thicken Solid Color Hooded Clothing,500+ sold,4.7,2883,16345,48.13,48.13,48.13
Winter Clothes Women Heavy Jackets Coat Women Vintage Clothes Suit College Style Medium Length 2023 New Model,800+ sold,4.4,1793,48,23.704,20.64,28.91
Thick Down Cotton-Padded Jacket Jackets Women Overcoat Winter 2024 New Korean Loose Hooded Warm Parker Coat Short Outwear,0 sold,0.0,3,9000,19.209999999999997,19.21,19.21
Casual Short Winter Jacket Women Stand Collar Zipper High Street Cool Padding Coat Female  Winter Pu Leather Lady Down Coats,"1,000+ sold",4.0,5863,32890,11.6695,8.61,14.32
CHIC VEN Women's Jackets Vintage Fashion Lapel Warm Coats Casual  Long Sleeves Plush Tops for Woman Autumn Winter New 2023,4 sold,0.0,7,6,76.21,76.21,76.21
Winter Women Jacket Parka Clothes Fur Collar Warm Loose Long Coat Wool Liner Hooded Jacket Warm Thick Snow Wear Padded Parka,800+ sold,4.4,2409,747,25.037,22.44,29.55
Thicken Autumn Winter Jackets Women Cotton-Padded Parkas Solid Casual Warm Belted Puffer Coat Female Windbreakers Outerwear 2023,6 sold,5.0,55,89,25.954444444444444,25.81,26.38
2024 Winter Women Jacket Warm Black Hooded Zipper Long Parka Female Spring Trendy Fashion Parka Thick Velvet Padded Ladies Coat,52 sold,4.9,36,704,26.948333333333334,25.99,26.99
2023 Causal Ladies Padded Jacket Short Autumn Winter Wadded Jacket Women Hooded Short Coats Female Plus Size Parkas Overcoat,47 sold,5.0,745,3382,16.76166666666667,15.07,16.81
2024 New Winter short Down Cotton Jacket Women Parkas Stand collar Loose Thick warm padded Coat Female Student Outerwear R399,0 sold,0.0,2,2048,24.27,24.27,24.27
Winter New Cotton Jacket Men's Baseball Collar Mesh Pressed Lightweight Cotton Jacket Vintage Flight Casual Long Sleeve,900+ sold,4.4,1214,1335,9.055833333333332,7.73,11.58
2024 New Winter Down Cotton Women Short Parkas Jackets Casual Thick Warm Pattern Coat Female Winter Outwear Loose Jacket A12,0 sold,0.0,3,5000,22.92,21.0,23.0
Korean Fashion White Coats Winter Jacket Women Parka Spring New 2024 Female Coat Office Lady Warm Down Jacket Winter Coat Women,10 sold,5.0,19,15958,15.67875,14.71,15.71
Women Jacket 2024 New Autumn Winter Parkas Female Light Thin Down Cotton Coat Femme Casual Short Warm Basic Outerwear Ladies Top,105 sold,4.5,150,2899,12.11,12.11,12.11
2023 New Women Winter Jacket Long Coat Fur Collar Hooded Down Parka Overcoat Warm Long Thick Cotton Wadded Jacket Outwear,95 sold,3.9,372,27903,45.12,45.12,45.12
2024 Winter Coats Down Cotton Padded Jacket Women Clothing Loose Hooded Parka Bread Jacket Thick Warm Outerwear Cold coat female,0 sold,0.0,3,7500,20.486666666666668,18.58,20.78
Autumn Winter Y2K Vest Women Thick Warm Down Vest Harajuku Loose Jacket Casual Outerwear Short Waistcoat Windproof Vest Coats,"5,000+ sold",4.8,9886,4513,6.578888888888889,4.31,7.89
Casual Short Winter Jacket Women Stand Collar Zipper High Street Cool Padding Coat Female 2024 Winter Pu Leather Lady Down Coats,0 sold,0.0,2,15984,28.701923030149143,27.61009345794392,29.511588785046726
TRAFZA Autumn New Outerwear Women Solid Color Oversized Quilted Jacket Female Single Breasted Pockets Warm Fashion Coats Parkas,85 sold,4.4,500,2904,22.53,22.53,22.53
Nlzgmsj Women 2024 Winter Parka Women Casual Half Sleeves High Neck Coats Female Thick Pocket Warm Jacket Female Tops,7 sold,0.0,22,28,16.92,16.51,17.32
2023 Winter Women Jacket Coats Long Parkas Female Down Cotton Hooded Overcoat Thick Warm Jackets Windproof Casual Student Coat,900+ sold,4.3,1573,389680,16.131898734177216,9.51,26.22
Winter Women Coat 2022 New Korean Down Cotton Jacket Women Mid-Length Fashion Pink Thick Hooded White Duck Down Jacket,15 sold,3.0,88,1188,29.100000000000005,29.1,29.1
2022 Mans Clothes Cargo Jackets Men Winter New Waterproof  Parkas Thick Warm Casual Big Pocket Hooded Jacket Women Heavy Coats,107 sold,4.1,338,6,39.33,39.33,39.33
TB Winter Men's Jacket Bread Down Jacket Korean Fashion Black Down-Filled Matte Nylon 4-bar Stripe Coats Cusual Warm  TB Jackets,1 sold,4.0,27,399,92.94,92.94,92.94
TRAF ZR Autumn Winter Parkas for Women Retro Zipper High Quality Luxury Warm Coats for Women Coat and Jacket with Big Pocket,171 sold,4.4,819,15790,27.95,27.95,27.95
GRELLER Winter Coat Women Jacket Parkas Thick 2022 Autumn Black Oversized Fur Puffer Harajuku Loose Female Short Winter Clothes,11 sold,1.0,1572,4948,33.695,30.86,34.01
2023 Winter Autumn Female Cold Jacket Women Winter Light Down Jacket Slim Zipper Puffer Jacket Portable Windproof Down Coat,20 sold,2.0,28,71918,22.740000000000002,22.74,22.74
2023 New Winter Jacket Women Parkas Thick Down Cotton Padded Parka Female Jacket Stand Collar Short Coat Slim Warm Outwear,12 sold,4.0,31,2489,17.470399999999998,15.32,17.56
New Winter Jacket High Quality stand-callor Coat Women Fashion Jackets Winter Warm Woman Clothing Casual Parkas,188 sold,4.5,3743,209195,14.21875,10.0,14.5
Big Fur Collar Winter Women's Winter jacket Thicken Warm Female Coat Casual Parkas Cotton Padded Jacket Women,10 sold,5.0,240,396,37.51,37.51,37.51
MEILLY DOLPHIN 2023 New Snow Wear Winter Coat for Women Down Jacket Warm Casual Loose Hooded Winter Women Jacket Long Parkas,390 sold,4.8,833,14568,29.869999999999997,26.97,29.97
2023 new Korean Coat with large fur collar for Puffer Women cotton Coat hooded parka winter loose jacket women Short down jacket,18 sold,5.0,158,7962,30.3225,28.28,30.43
Vintage New Chinese Style Sweet Y2k Parkas Coats Floral Women Outerwear O Neck Thick Winter Jackets Streetwear Chic Parka,9 sold,1.0,31,487,23.19,23.19,23.19
2023 New Winter Coat Women Cotton Jacket Zipper Loose Coats Female Solid Thick Parka Windproof Jackets Outwear Black Clothes,12 sold,5.0,62,3004,22.401875,21.23,22.48
Women's Winter Parka 2023 Splicing Temperament Fashion Down Cotton Jacket Ladies Coat Knitting Appear Thin Hooded Female Jacket,117 sold,4.7,411,327,22.76777777777778,20.83,23.01
Winter Imitation Fox Hair Women Down Jacket 2023 Fashion Warm Thicke High Quality Women Down Jacket Overcoat Women Parker Puffer,0 sold,0.0,23,2995,31.72,31.72,31.72
Men's Winter Jacket New Down Cotton Thickened High Quality Warm Zipper Hooded Outer Korean Fashion Brand Casual Woman Male Coat,5 sold,0.0,16,495,91.73999999999998,91.74,91.74
2023 Winter New Women Parkas Mid Length Standing Collar Down Cotton Overcoat Female Casual Thick Warm Windproof Jackets Ladies,16 sold,5.0,26,784,23.059999999999995,23.06,23.06
Winter Coat Down Jacket Women short style 2023 new shiny and fashionable slim hooded jacket for women 2211BXR,52 sold,4.6,225,15933,23.03875,21.07,23.17
2023 Winter New Jackets Elegant Mother Parkas Padded Jacket Thick Down Padded Jacket Hooded Cotton Coat Women's  Mid-Length Park,5 sold,5.0,18,5979,23.688666666666666,20.59,23.91
New Winter Warm Fleece Jacket Hooded Multiple Pockets Red Coat Casual Polar Jacket Cold-Proof Thick Overcoat Plus Size Outwear,2 sold,0.0,9,5596,32.122571428571426,26.77,32.28
Parka Autumn Winter Jacket Women Clothes Vintage Warm Coat Female Women's Down Cotton Jacket Warm Thick Long Parkas Oversized,64 sold,4.1,621,129,31.360000000000003,30.42,32.59
2023 New Winter Women Mid-long Parkas Jackets Casual Thick Warm Hooded Pattern Coat Female Winter Outwear Jacket parkas,500+ sold,4.8,1780,97,22.763928571428572,21.15,26.55
Khaki Quilted Cotton Jacket Straight Short Coat Zipper Stand Collar Pocket Blogger Streetwear Female Outwears,215 sold,4.6,1523,2092,27.36,27.36,27.36
Nlzgmsj Women 2023 Winter Parka Women Casual Half Sleeves High Neck Coats Female Thick Pocket Warm Jacket Female Tops,700+ sold,4.7,4690,65,12.826666666666666,12.7,13.04
2023 Winter Fashion Parka Jacket Women Casual Half Sleeves High Neck Coats Female Loose Lady Thick Pocket Warm Jackets New,7 sold,0.0,21,2994,15.626666666666667,14.32,16.28
TRAF Women Fashion Patchwork Cropped Thick Warm Padded Jacket Coat Vintage Long Sleeve Front Zipper Female Outerwear Chic Tops,184 sold,4.5,1241,29,15.4825,15.24,15.84
Winter Coat Women Women's Coat 2023 New Hooded Pocket Style Large Loose Coat Winter Down Coat,13 sold,4.0,67,29957,21.990000000000002,19.96,22.06
Cotton Hoodie Drawstring Sweatshirt Keep Warm Plush Women Winter Hoodie Women Winter Hoodie Female Clothes Hooded 2024,5 sold,0.0,1,535,5.064399999999999,4.21,6.1
Autumn and winter new 100% pure wool double-sided woolen cowhide button doll neck mid length solid color fashionable trend coat,0 sold,0.0,1,3000,118.2,118.2,118.2
2024 Fashion S-SCARFACE MOVIE Baseball Jacket Sweatshirt Winter Popular Soft Hoodie Sweatshirt Printed Cotton Pop Jackets,0 sold,0.0,0,600,15.99,15.99,15.99
2024 LOS ANGELES Women Sweatshirt Hoodie Long Sleeve Loose Casual Sweatshirt Couple Style Unisex Streetwear Top Hooded,3 sold,0.0,2,506,6.846500000000001,6.12,8.69
2024 Spring New Women's Suit Jacket 2024 Suit Jacket Women's Seven-Minute Sleeve Summer New Women Clothing,4 sold,0.0,38,18395,9.57,9.57,9.57
ZVRI new 2024 High Quality Winter Women Vintage Long Sleeve Warm Faux Fleece Jacket Coat Female Casual Solid Pocket Outwear Tops,0 sold,0.0,0,796,35.65,35.65,35.65
2024 Autumn And Winter New Style Casual Jacket Half Zipper Cover Long Sleeve Sweater Woman,34 sold,5.0,65,708,8.225333333333333,7.31,17.29
TB Men's Down Jacket Minimalist Striped Detachable Hat Women's Coat Korean Popular Brand Neutral Couple White Eiderdown Jacket,0 sold,0.0,1,400,165.06,165.06,165.06
Letter Print Women Sweatshirt Cotton Soft Basic Loose Female Pullovers Korean Hoodies 2024 Spring Autumn New Y2k Fleece Clothes,9 sold,0.0,31,1480,4.783777777777777,3.8,6.57
ZVRI Men 2024 new men's Spring and autumn suede texture effect jacket jacket top,0 sold,0.0,1,1592,36.42,36.42,36.42
DXTON 2024 Autumn Winter Girls Jackets Unicorn Children Coat Sequin Zipper Cardigan Kids Jackets Cool Girls Outerwear Costumes,14 sold,5.0,14,64,3.97125,2.75,5.13
Women Winter Hooded Cotton Parka Warm Long Casual Quilted Overcoat Thicken Slim Fitting Jacket Women Padded Puffer Jacket,16 sold,5.0,62,19972,37.36999999999999,37.37,37.37
2024 Men's Winter Fashion Trend Jacket Motorcycle Baseball Jacket Windproof Zipper Windproof Lining Plush Jacket Men's Jacket,79 sold,5.0,127,80838,7.05493827160494,4.25,7.09
Nlzgmsj Winter Warm Fur Coat Women Elegant Long Sleeve Short Coats Female 2024 Streetwear Outwear,0 sold,0.0,4,40,22.52,22.52,22.52
HWL 2024 Winter Autumn Plus Size Down Puffer Vest Women CasualSleeveless jacket Long Bodywarm waistcoat Winter Sleeveless,500+ sold,4.4,2416,332,12.1,12.1,12.1
Women Solid Blazer 2024 Autumn ZANZEA Fashion Long Sleeve Outerwear Casual Loose Lapel Collar Coat Vintage Pocket Thin Jackets,0 sold,0.0,0,72,4.25,4.25,4.25
2024 Autumn Winter 2 Pieces Sets Tracksuit Hooded Sweatshirt +Drawstring Pants Male Sport Hoodies Running Sportswear Men Women,3 sold,0.0,0,177,10.335555555555555,9.37,10.43
2024 fashionable new men's casual jacket baseball jacket autumn and winter sports trend solid color men's jacket in stock,1 sold,0.0,2,47999,21.77,21.77,21.77
ZVRI 2024 High Quality Winter Women Vintage Long Sleeve Warm Faux Fleece Jacket Coat Female Casual Solid Pocket Outwear Tops,0 sold,0.0,1,3192,39.06,39.06,39.06
2024 Winter Men's Padded Jacket Middle-aged And Young Large Size Light And Thin Short Padded  Jacket Warm Coat motocicleta,0 sold,0.0,0,80919,6.755802469135803,4.02,6.79
2024 Autumn New Contrast Color Light Rhombus V-neck Down jacket Women Warm Outerwear Asian Fashionable Female Coat,0 sold,0.0,0,1000,36.22,36.22,36.22
2024 Women Winter Vintage Loose Hooded Pockets Cotton Padded Jackets Tops Warm Thick Parkas Female Outerwear Streetwear Clothes,0 sold,0.0,0,20,32.98,29.78,34.88
Fashion Thickened Baseball Jacket New Fake Two-piece Hooded Cotton Coat Winter Outdoor  Warm Coats Luxury Brand Clothing,16 sold,5.0,178,3566,53.75,53.75,53.75
2024 Aesthetic Winter Couple Y2k Hoodies 2 Piece Sets Print Coats + Elasticity Pants Full Zip Up Sportswear Oversized Retro Suit,0 sold,0.0,4,240,11.12,11.12,11.12
2024 Early Autumn New 90% Down Down Sleeveless for Woman Zipper Vest Short Coat New European Fashionable Light Down Vest,0 sold,0.0,0,600,40.02,40.02,40.02
Spring Lady Chic Plaid Contrast Overcoat Elegant O Neck Single Breasted Long Sleeve Pocket Jacket 2024 Lady Chic High Streetwear,2 sold,0.0,5,2995,33.093333333333334,31.5,33.89
2024 Autumn Winter Baby Boys Girls Mickey Mouse Jackets Coats Toddler Fleece Plus Thicken Hooded Outerwear Parkas Infant Clothes,4 sold,0.0,26,19210,18.069499999999998,15.54,19.35
WLWXR Spring Black Patchwork Bomber Jackets Club Outfits For Women 2024 Letter Embroidery Baseball Jacket Casual Graphic Jackets,0 sold,0.0,0,10,12.21,12.21,12.21
WLWXR Black Print Bomber Jackets Streetwear Women 2024 Spring Long Sleeve Button Up Baseball Jacket Female Letter Varsity Jacket,0 sold,0.0,1,30,10.68,10.68,10.68
2024 Autumn New Contrast Color Light Rhombus V-neck Down jacket Women Warm Outerwear Asian Fashionable Female Coat,0 sold,0.0,0,1000,37.03,37.03,37.03
New Autumn Fashion Men Jacket Bomber Jackets Business Casual Streetwear Male Coats Simple Windbreaker British Style Coat,399 sold,4.4,744,27542,11.701071428571428,10.0,12.43
Winter Thickened Warm Coat Cashmere Leather Jacket Outdoor Solid Hooded Jackets Multi -pocket Cargo Overcoat Brand Clothing,12 sold,3.7,227,4188,62.89,62.89,62.89
Women Autumn Winter Warm 90% White Down Duck Lining Vest 2024 New Female Korean Slim Fit Ultra Light Packable sleeveless coat,1 sold,0.0,2,41999,9.95,9.76,10.12
Autumn and winter new 100% pure wool double-sided woolen coat for women's mid length high-end wool doll neck solid color coat,0 sold,0.0,2,5400,83.09,83.09,83.09
2024 Early Autumn New 90% Down Down Sleeveless for Woman Zipper Vest Short Coat New European Fashionable Light Down Vest,0 sold,0.0,1,600,32.58,32.58,32.58
Men's Sweatshirts with Zipper Pockets Thin Solid Color Half Tracksuit Casual Outdoor Hooded Tracksuit Long Sleeves Jacket Coats,600+ sold,4.6,694,35293,4.263611111111111,3.5,4.95
Fashion Cotton Padded Winter Coat Women Warm Fleece Jacket Solid Thicken Casual Jacket 2024 Winter Slim Ladies Coat Overcoat,17 sold,0.0,37,229,30.426399999999997,26.83,33.4
Nlzgmsj Women 2024 Autumn Winter Denim Coat Lapel Long Sleeve Short Jackets Lady Chic Loose Streetwear Women Jacket,1 sold,0.0,2,39,19.85,19.85,19.85
6XL Winter Jacket 2024 Women Parka Clothes Long Coat Wool Liner Hooded  Fur Collar Thick Warm Snow Wear Padded  ,0 sold,0.0,2,1214,34.4575,30.46,34.56
2024 Early Autumn New 90% Down Down Sleeveless for Woman Zipper Vest Short Coat New European Fashionable Light Down Vest,0 sold,0.0,1,600,41.15,41.15,41.15
Warm Plus Fleece Denim Jacket Coat For Women 2024 Autumn Winter Korean Retro Streetwear Single-Breasted Female Outwear Clothes,0 sold,0.0,2,195,14.739999999999998,14.74,14.74
Nlzgmsj TRAF Women 2024 Autumn Winter Denim Coat Lapel Long Sleeve Short Jackets Lady Chic Loose Streetwear Women Jacket,900+ sold,4.7,6255,536,23.12,23.12,23.12
Winter Thicken Men Fleece Jacket Hooded Casual Outdoor Polar Cold Protection Overcoat Warm Norway Polar Jacket Plus Size Outwear,115 sold,4.9,117,27089,24.47272727272727,21.12,25.53
Women Fashion Lapel Faux Fur Warm Coat 2024 Autumn Winter Thicken Lady Jackets Female Chic Long Sleeve High Street Outwear,0 sold,0.0,8,5994,28.701923030149143,27.61009345794392,29.511588785046726
ZVRI 2024 men's Fall/winter new suede jacket tooling casual lapel coat three-color men,0 sold,0.0,2,1200,30.24,30.24,30.24
Elegant Solid Short Hooded Cotton Jacket For Women Casual Long Sleeve Pockets Zipper Warm Coat 2024 Winter Lady Fashion Overcoat,0 sold,0.0,4,2992,21.849999999999998,20.29,22.63
2024 New winter jacket men's standing collar warm down jacket street fashion casual brand Outer men's parka coat,141 sold,4.4,469,63788,9.88296875,6.92,9.93
Elegant Slim V-neck Wool Blends Cardigan For Women Chic Button Shoulder Pads Long Sleeve Coat 2024 Lady Fashion Street Outerwear,50 sold,5.0,1,2947,28.276666666666667,26.95,28.94
2024 Thickened Hooded Down Jacket Women Winter Cotton Padded Parkas Female Loose Quilted Coat Windbreakers Puffer Jacket,0 sold,0.0,5,9,13.46,13.46,13.46
Corduroy Y2k Zip Up Hoodie Women Retro Embroidered Letter Loose Long Sleeve Tops 2024 Casual Hooded Sweatshirts Harajuku Jackets,52 sold,0.0,196,57,12.361333333333333,11.91,12.72
"2024 Customized image Men's zip golf jacket, windproof warm vest, fashion, autumn and winter",3 sold,0.0,0,15537,9.975714285714286,9.59,9.99
Free Shipping MIYAKE Winter new down jacket women mid length knee length standing collar white duck down hooded style [5991],2 sold,0.0,7,1499,203.9,203.9,203.9
2024 Y2K Streetwear Pink Hoodie Sweatshirt Funny Cartoon Graphic Hoodie Autumn Harajuku Anime Hooded Pullover Hip Hop Hipster,24 sold,5.0,72,343,7.229000000000001,6.62,7.89
Men's Autumn Windbreaker Man Oversize Windshield Jacket Men Spring Coat Mens Camping Jackets Male Work Wear Clothes,"2,000+ sold",4.7,2797,67583,9.200285714285714,8.72,9.57
Men 2024 Wool Blend  Coat Autumn Winter Solid Color Lapel Collar Woolen Coat Fashion Slim Windbreaker Jacket Men Clothing,0 sold,0.0,0,12,41.28666666666667,39.49,42.77
Fashion Men's Casual Windbreaker Jackets Hooded Jacket Man Waterproof Outdoor Soft Shell Winter Coat Clothing Warm Plus Size,"3,000+ sold",4.3,6809,419,19.238750000000003,18.18,21.62
